COMPANYCODE;ASSET;FECHA;OBSERVACION
BUKRS;ANLN1;BLDAT;
1000;20104038;21/09/2022;PASADO A TERCEROS
1000;20106789;22/09/2022;PASADO A TERCEROS
1000;20200310;23/09/2022;PASADO A TERCEROS
1000;20401322;24/09/2022;PASADO A TERCEROS
1000;20401938;25/09/2022;PASADO A TERCEROS
1000;20402729;26/09/2022;PASADO A TERCEROS
1000;20402730;27/09/2022;PASADO A TERCEROS
1000;20900267;28/09/2022;PASADO A TERCEROS
1000;10103209;29/09/2022;PASADO A TERCEROS
1000;10105110;30/09/2022;PASADO A TERCEROS
1000;10105550;01/10/2022;PASADO A TERCEROS
1000;10105588;02/10/2022;PASADO A TERCEROS
1000;10110778;03/10/2022;PASADO A TERCEROS
1000;10110779;04/10/2022;PASADO A TERCEROS
1000;10111261;05/10/2022;PASADO A TERCEROS
1000;10115721;06/10/2022;PASADO A TERCEROS
1000;10119873;07/10/2022;PASADO A TERCEROS
1000;10121318;08/10/2022;PASADO A TERCEROS
1000;10121319;09/10/2022;PASADO A TERCEROS
1000;10121457;10/10/2022;PASADO A TERCEROS
1000;10122553;11/10/2022;PASADO A TERCEROS
1000;10122555;12/10/2022;PASADO A TERCEROS
1000;10126614;13/10/2022;PASADO A TERCEROS
1000;10126615;14/10/2022;PASADO A TERCEROS
1000;10127165;15/10/2022;PASADO A TERCEROS
1000;10127166;16/10/2022;PASADO A TERCEROS
1000;10127167;17/10/2022;PASADO A TERCEROS
1000;10127168;18/10/2022;PASADO A TERCEROS
1000;10127169;19/10/2022;PASADO A TERCEROS
1000;10127170;20/10/2022;PASADO A TERCEROS
1000;10127171;21/10/2022;PASADO A TERCEROS
1000;10127172;22/10/2022;PASADO A TERCEROS
1000;10133369;23/10/2022;PASADO A TERCEROS
1000;10133370;24/10/2022;PASADO A TERCEROS
1000;10141119;25/10/2022;PASADO A TERCEROS
1000;10141363;26/10/2022;PASADO A TERCEROS
1000;10141364;27/10/2022;PASADO A TERCEROS
1000;10141503;28/10/2022;PASADO A TERCEROS
1000;10142657;29/10/2022;PASADO A TERCEROS
1000;10155723;30/10/2022;PASADO A TERCEROS
1000;10155724;31/10/2022;PASADO A TERCEROS
1000;10155725;01/11/2022;PASADO A TERCEROS
1000;10156336;02/11/2022;PASADO A TERCEROS
1000;10156337;03/11/2022;PASADO A TERCEROS
1000;10156338;04/11/2022;PASADO A TERCEROS
1000;10156339;05/11/2022;PASADO A TERCEROS
1000;10156340;06/11/2022;PASADO A TERCEROS
1000;10156341;07/11/2022;PASADO A TERCEROS
1000;10156342;08/11/2022;PASADO A TERCEROS
1000;10156343;09/11/2022;PASADO A TERCEROS
1000;10156344;10/11/2022;PASADO A TERCEROS
1000;10156345;11/11/2022;PASADO A TERCEROS
1000;10156346;12/11/2022;PASADO A TERCEROS
1000;10156347;13/11/2022;PASADO A TERCEROS
1000;10156348;14/11/2022;PASADO A TERCEROS
1000;10156349;15/11/2022;PASADO A TERCEROS
1000;10156350;16/11/2022;PASADO A TERCEROS
1000;10156826;17/11/2022;PASADO A TERCEROS
1000;10204687;18/11/2022;PASADO A TERCEROS
1000;10500650;19/11/2022;PASADO A TERCEROS
1000;10500651;20/11/2022;PASADO A TERCEROS
1000;10500652;21/11/2022;PASADO A TERCEROS
1000;20100331;22/11/2022;PASADO A TERCEROS
1000;20100463;23/11/2022;PASADO A TERCEROS
1000;20100464;24/11/2022;PASADO A TERCEROS
1000;20102394;25/11/2022;PASADO A TERCEROS
1000;20103877;26/11/2022;PASADO A TERCEROS
1000;20103886;27/11/2022;PASADO A TERCEROS
1000;20105905;28/11/2022;PASADO A TERCEROS
1000;20108723;29/11/2022;PASADO A TERCEROS
1000;20109662;30/11/2022;PASADO A TERCEROS
1000;20111227;01/12/2022;PASADO A TERCEROS
1000;20114840;02/12/2022;PASADO A TERCEROS
1000;20114841;03/12/2022;PASADO A TERCEROS
1000;20114926;04/12/2022;PASADO A TERCEROS
1000;20200694;05/12/2022;PASADO A TERCEROS
1000;20200695;06/12/2022;PASADO A TERCEROS
1000;20200696;07/12/2022;PASADO A TERCEROS
1000;20200697;08/12/2022;PASADO A TERCEROS
1000;20200698;09/12/2022;PASADO A TERCEROS
1000;20200699;10/12/2022;PASADO A TERCEROS
1000;20200700;11/12/2022;PASADO A TERCEROS
1000;20200701;12/12/2022;PASADO A TERCEROS
1000;20200702;13/12/2022;PASADO A TERCEROS
1000;20200703;14/12/2022;PASADO A TERCEROS
1000;20400596;15/12/2022;PASADO A TERCEROS
1000;20401151;16/12/2022;PASADO A TERCEROS
1000;20401905;17/12/2022;PASADO A TERCEROS
1000;20401906;18/12/2022;PASADO A TERCEROS
1000;20401907;19/12/2022;PASADO A TERCEROS
1000;20401924;20/12/2022;PASADO A TERCEROS
1000;20402743;21/12/2022;PASADO A TERCEROS
1000;20402744;22/12/2022;PASADO A TERCEROS
1000;20402745;23/12/2022;PASADO A TERCEROS
1000;20402746;24/12/2022;PASADO A TERCEROS
1000;20402747;25/12/2022;PASADO A TERCEROS
1000;20402748;26/12/2022;PASADO A TERCEROS
1000;20500004;27/12/2022;PASADO A TERCEROS
1000;20800936;28/12/2022;PASADO A TERCEROS
1000;20801987;29/12/2022;PASADO A TERCEROS
1000;20801988;30/12/2022;PASADO A TERCEROS
1000;20801989;31/12/2022;PASADO A TERCEROS
1000;20801990;01/01/2023;PASADO A TERCEROS
1000;20802616;02/01/2023;PASADO A TERCEROS
1000;20803216;03/01/2023;PASADO A TERCEROS
1000;10143694;04/01/2023;PASADO A TERCEROS
1000;10143695;05/01/2023;PASADO A TERCEROS
1000;10143696;06/01/2023;PASADO A TERCEROS
1000;10143697;07/01/2023;PASADO A TERCEROS
1000;10143698;08/01/2023;PASADO A TERCEROS
1000;10143699;09/01/2023;PASADO A TERCEROS
1000;10143700;10/01/2023;PASADO A TERCEROS
1000;10143701;11/01/2023;PASADO A TERCEROS
1000;10143702;12/01/2023;PASADO A TERCEROS
1000;10143703;13/01/2023;PASADO A TERCEROS
1000;10143704;14/01/2023;PASADO A TERCEROS
1000;10143705;15/01/2023;PASADO A TERCEROS
1000;10143706;16/01/2023;PASADO A TERCEROS
1000;10143707;17/01/2023;PASADO A TERCEROS
1000;10143708;18/01/2023;PASADO A TERCEROS
1000;10143709;19/01/2023;PASADO A TERCEROS
1000;10143942;20/01/2023;PASADO A TERCEROS
1000;20114541;21/01/2023;PASADO A TERCEROS
1000;20803896;22/01/2023;PASADO A TERCEROS
1000;20803897;23/01/2023;PASADO A TERCEROS
1000;10142668;24/01/2023;PASADO A TERCEROS
1000;10142765;25/01/2023;PASADO A TERCEROS
1000;10143005;26/01/2023;PASADO A TERCEROS
1000;10143006;27/01/2023;PASADO A TERCEROS
1000;10100070;28/01/2023;PASADO A TERCEROS
1000;10100071;29/01/2023;PASADO A TERCEROS
1000;10100080;30/01/2023;PASADO A TERCEROS
1000;10100298;31/01/2023;PASADO A TERCEROS
1000;10100299;01/02/2023;PASADO A TERCEROS
1000;10100301;02/02/2023;PASADO A TERCEROS
1000;10100302;03/02/2023;PASADO A TERCEROS
1000;10100303;04/02/2023;PASADO A TERCEROS
1000;10100304;05/02/2023;PASADO A TERCEROS
1000;10100305;06/02/2023;PASADO A TERCEROS
1000;10100306;07/02/2023;PASADO A TERCEROS
1000;10100443;08/02/2023;PASADO A TERCEROS
1000;10100461;09/02/2023;PASADO A TERCEROS
1000;10100847;10/02/2023;PASADO A TERCEROS
1000;10101549;11/02/2023;PASADO A TERCEROS
1000;10102603;12/02/2023;PASADO A TERCEROS
1000;10102604;13/02/2023;PASADO A TERCEROS
1000;10103311;14/02/2023;PASADO A TERCEROS
1000;10103495;15/02/2023;PASADO A TERCEROS
1000;10104158;16/02/2023;PASADO A TERCEROS
1000;10104159;17/02/2023;PASADO A TERCEROS
1000;10104162;18/02/2023;PASADO A TERCEROS
1000;10104224;19/02/2023;PASADO A TERCEROS
1000;10105249;20/02/2023;PASADO A TERCEROS
1000;10105270;21/02/2023;PASADO A TERCEROS
1000;10105332;22/02/2023;PASADO A TERCEROS
1000;10106209;23/02/2023;PASADO A TERCEROS
1000;10106397;24/02/2023;PASADO A TERCEROS
1000;10106398;25/02/2023;PASADO A TERCEROS
1000;10106399;26/02/2023;PASADO A TERCEROS
1000;10106400;27/02/2023;PASADO A TERCEROS
1000;10106402;28/02/2023;PASADO A TERCEROS
1000;10106403;01/03/2023;PASADO A TERCEROS
1000;10106404;02/03/2023;PASADO A TERCEROS
1000;10106405;03/03/2023;PASADO A TERCEROS
1000;10106406;04/03/2023;PASADO A TERCEROS
1000;10109194;05/03/2023;PASADO A TERCEROS
1000;10109585;06/03/2023;PASADO A TERCEROS
1000;10109965;07/03/2023;PASADO A TERCEROS
1000;10110108;08/03/2023;PASADO A TERCEROS
1000;10110199;09/03/2023;PASADO A TERCEROS
1000;10110304;10/03/2023;PASADO A TERCEROS
1000;10110305;11/03/2023;PASADO A TERCEROS
1000;10110306;12/03/2023;PASADO A TERCEROS
1000;10110307;13/03/2023;PASADO A TERCEROS
1000;10110308;14/03/2023;PASADO A TERCEROS
1000;10110309;15/03/2023;PASADO A TERCEROS
1000;10110310;16/03/2023;PASADO A TERCEROS
1000;10110312;17/03/2023;PASADO A TERCEROS
1000;10110588;18/03/2023;PASADO A TERCEROS
1000;10110589;19/03/2023;PASADO A TERCEROS
1000;10110811;20/03/2023;PASADO A TERCEROS
1000;10111017;21/03/2023;PASADO A TERCEROS
1000;10111132;22/03/2023;PASADO A TERCEROS
1000;10111339;23/03/2023;PASADO A TERCEROS
1000;10111340;24/03/2023;PASADO A TERCEROS
1000;10111558;25/03/2023;PASADO A TERCEROS
1000;10111559;26/03/2023;PASADO A TERCEROS
1000;10111782;27/03/2023;PASADO A TERCEROS
1000;10111833;28/03/2023;PASADO A TERCEROS
1000;10112240;29/03/2023;PASADO A TERCEROS
1000;10112241;30/03/2023;PASADO A TERCEROS
1000;10112243;31/03/2023;PASADO A TERCEROS
1000;10112245;01/04/2023;PASADO A TERCEROS
1000;10112246;02/04/2023;PASADO A TERCEROS
1000;10112247;03/04/2023;PASADO A TERCEROS
1000;10112248;04/04/2023;PASADO A TERCEROS
1000;10112249;05/04/2023;PASADO A TERCEROS
1000;10112250;06/04/2023;PASADO A TERCEROS
1000;10112251;07/04/2023;PASADO A TERCEROS
1000;10112253;08/04/2023;PASADO A TERCEROS
1000;10112254;09/04/2023;PASADO A TERCEROS
1000;10112255;10/04/2023;PASADO A TERCEROS
1000;10113543;11/04/2023;PASADO A TERCEROS
1000;10113544;12/04/2023;PASADO A TERCEROS
1000;10113545;13/04/2023;PASADO A TERCEROS
1000;10113546;14/04/2023;PASADO A TERCEROS
1000;10113547;15/04/2023;PASADO A TERCEROS
1000;10113548;16/04/2023;PASADO A TERCEROS
1000;10113551;17/04/2023;PASADO A TERCEROS
1000;10113552;18/04/2023;PASADO A TERCEROS
1000;10113553;19/04/2023;PASADO A TERCEROS
1000;10113554;20/04/2023;PASADO A TERCEROS
1000;10113555;21/04/2023;PASADO A TERCEROS
1000;10113556;22/04/2023;PASADO A TERCEROS
1000;10113557;23/04/2023;PASADO A TERCEROS
1000;10113558;24/04/2023;PASADO A TERCEROS
1000;10113559;25/04/2023;PASADO A TERCEROS
1000;10115606;26/04/2023;PASADO A TERCEROS
1000;10115607;27/04/2023;PASADO A TERCEROS
1000;10115608;28/04/2023;PASADO A TERCEROS
1000;10115609;29/04/2023;PASADO A TERCEROS
1000;10115610;30/04/2023;PASADO A TERCEROS
1000;10115611;01/05/2023;PASADO A TERCEROS
1000;10115612;02/05/2023;PASADO A TERCEROS
1000;10115613;03/05/2023;PASADO A TERCEROS
1000;10115615;04/05/2023;PASADO A TERCEROS
1000;10115616;05/05/2023;PASADO A TERCEROS
1000;10115617;06/05/2023;PASADO A TERCEROS
1000;10115618;07/05/2023;PASADO A TERCEROS
1000;10115619;08/05/2023;PASADO A TERCEROS
1000;10115620;09/05/2023;PASADO A TERCEROS
1000;10115621;10/05/2023;PASADO A TERCEROS
1000;10115622;11/05/2023;PASADO A TERCEROS
1000;10115628;12/05/2023;PASADO A TERCEROS
1000;10116385;13/05/2023;PASADO A TERCEROS
1000;10116411;14/05/2023;PASADO A TERCEROS
1000;10116413;15/05/2023;PASADO A TERCEROS
1000;10117041;16/05/2023;PASADO A TERCEROS
1000;10117042;17/05/2023;PASADO A TERCEROS
1000;10117253;18/05/2023;PASADO A TERCEROS
1000;10117891;19/05/2023;PASADO A TERCEROS
1000;10117986;20/05/2023;PASADO A TERCEROS
1000;10118024;21/05/2023;PASADO A TERCEROS
1000;10118136;22/05/2023;PASADO A TERCEROS
1000;10118137;23/05/2023;PASADO A TERCEROS
1000;10118190;24/05/2023;PASADO A TERCEROS
1000;10118192;25/05/2023;PASADO A TERCEROS
1000;10118194;26/05/2023;PASADO A TERCEROS
1000;10118195;27/05/2023;PASADO A TERCEROS
1000;10118196;28/05/2023;PASADO A TERCEROS
1000;10118197;29/05/2023;PASADO A TERCEROS
1000;10118794;30/05/2023;PASADO A TERCEROS
1000;10119156;31/05/2023;PASADO A TERCEROS
1000;10119403;01/06/2023;PASADO A TERCEROS
1000;10119404;02/06/2023;PASADO A TERCEROS
1000;10119405;03/06/2023;PASADO A TERCEROS
1000;10119874;04/06/2023;PASADO A TERCEROS
1000;10119878;05/06/2023;PASADO A TERCEROS
1000;10119879;06/06/2023;PASADO A TERCEROS
1000;10119880;07/06/2023;PASADO A TERCEROS
1000;10119881;08/06/2023;PASADO A TERCEROS
1000;10119882;09/06/2023;PASADO A TERCEROS
1000;10119883;10/06/2023;PASADO A TERCEROS
1000;10119884;11/06/2023;PASADO A TERCEROS
1000;10119885;12/06/2023;PASADO A TERCEROS
1000;10120135;13/06/2023;PASADO A TERCEROS
1000;10120136;14/06/2023;PASADO A TERCEROS
1000;10120137;15/06/2023;PASADO A TERCEROS
1000;10120144;16/06/2023;PASADO A TERCEROS
1000;10120507;17/06/2023;PASADO A TERCEROS
1000;10120571;18/06/2023;PASADO A TERCEROS
1000;10120914;19/06/2023;PASADO A TERCEROS
1000;10121422;20/06/2023;PASADO A TERCEROS
1000;10121423;21/06/2023;PASADO A TERCEROS
1000;10121455;22/06/2023;PASADO A TERCEROS
1000;10121914;23/06/2023;PASADO A TERCEROS
1000;10121948;24/06/2023;PASADO A TERCEROS
1000;10121949;25/06/2023;PASADO A TERCEROS
1000;10121950;26/06/2023;PASADO A TERCEROS
1000;10122088;27/06/2023;PASADO A TERCEROS
1000;10122089;28/06/2023;PASADO A TERCEROS
1000;10122659;29/06/2023;PASADO A TERCEROS
1000;10123931;30/06/2023;PASADO A TERCEROS
1000;10123932;01/07/2023;PASADO A TERCEROS
1000;10123933;02/07/2023;PASADO A TERCEROS
1000;10123934;03/07/2023;PASADO A TERCEROS
1000;10123936;04/07/2023;PASADO A TERCEROS
1000;10123937;05/07/2023;PASADO A TERCEROS
1000;10123938;06/07/2023;PASADO A TERCEROS
1000;10123939;07/07/2023;PASADO A TERCEROS
1000;10123940;08/07/2023;PASADO A TERCEROS
1000;10123941;09/07/2023;PASADO A TERCEROS
1000;10123942;10/07/2023;PASADO A TERCEROS
1000;10123943;11/07/2023;PASADO A TERCEROS
1000;10123944;12/07/2023;PASADO A TERCEROS
1000;10123945;13/07/2023;PASADO A TERCEROS
1000;10123947;14/07/2023;PASADO A TERCEROS
1000;10123948;15/07/2023;PASADO A TERCEROS
1000;10123949;16/07/2023;PASADO A TERCEROS
1000;10123950;17/07/2023;PASADO A TERCEROS
1000;10123952;18/07/2023;PASADO A TERCEROS
1000;10124459;19/07/2023;PASADO A TERCEROS
1000;10126269;20/07/2023;PASADO A TERCEROS
1000;10126270;21/07/2023;PASADO A TERCEROS
1000;10126271;22/07/2023;PASADO A TERCEROS
1000;10126272;23/07/2023;PASADO A TERCEROS
1000;10126274;24/07/2023;PASADO A TERCEROS
1000;10126275;25/07/2023;PASADO A TERCEROS
1000;10126276;26/07/2023;PASADO A TERCEROS
1000;10126277;27/07/2023;PASADO A TERCEROS
1000;10126278;28/07/2023;PASADO A TERCEROS
1000;10126279;29/07/2023;PASADO A TERCEROS
1000;10126280;30/07/2023;PASADO A TERCEROS
1000;10126281;31/07/2023;PASADO A TERCEROS
1000;10126282;01/08/2023;PASADO A TERCEROS
1000;10126283;02/08/2023;PASADO A TERCEROS
1000;10126285;03/08/2023;PASADO A TERCEROS
1000;10126286;04/08/2023;PASADO A TERCEROS
1000;10126287;05/08/2023;PASADO A TERCEROS
1000;10126288;06/08/2023;PASADO A TERCEROS
1000;10126289;07/08/2023;PASADO A TERCEROS
1000;10126290;08/08/2023;PASADO A TERCEROS
1000;10126291;09/08/2023;PASADO A TERCEROS
1000;10126292;10/08/2023;PASADO A TERCEROS
1000;10126293;11/08/2023;PASADO A TERCEROS
1000;10126294;12/08/2023;PASADO A TERCEROS
1000;10126295;13/08/2023;PASADO A TERCEROS
1000;10126296;14/08/2023;PASADO A TERCEROS
1000;10126297;15/08/2023;PASADO A TERCEROS
1000;10126298;16/08/2023;PASADO A TERCEROS
1000;10126299;17/08/2023;PASADO A TERCEROS
1000;10126300;18/08/2023;PASADO A TERCEROS
1000;10126301;19/08/2023;PASADO A TERCEROS
1000;10126302;20/08/2023;PASADO A TERCEROS
1000;10126303;21/08/2023;PASADO A TERCEROS
1000;10126304;22/08/2023;PASADO A TERCEROS
1000;10126305;23/08/2023;PASADO A TERCEROS
1000;10126306;24/08/2023;PASADO A TERCEROS
1000;10126307;25/08/2023;PASADO A TERCEROS
1000;10126308;26/08/2023;PASADO A TERCEROS
1000;10126309;27/08/2023;PASADO A TERCEROS
1000;10126310;28/08/2023;PASADO A TERCEROS
1000;10126311;29/08/2023;PASADO A TERCEROS
1000;10126312;30/08/2023;PASADO A TERCEROS
1000;10126313;31/08/2023;PASADO A TERCEROS
1000;10126314;01/09/2023;PASADO A TERCEROS
1000;10126316;02/09/2023;PASADO A TERCEROS
1000;10126317;03/09/2023;PASADO A TERCEROS
1000;10126318;04/09/2023;PASADO A TERCEROS
1000;10126319;05/09/2023;PASADO A TERCEROS
1000;10126349;06/09/2023;PASADO A TERCEROS
1000;10126350;07/09/2023;PASADO A TERCEROS
1000;10126351;08/09/2023;PASADO A TERCEROS
1000;10126352;09/09/2023;PASADO A TERCEROS
1000;10126353;10/09/2023;PASADO A TERCEROS
1000;10126354;11/09/2023;PASADO A TERCEROS
1000;10126355;12/09/2023;PASADO A TERCEROS
1000;10127407;13/09/2023;PASADO A TERCEROS
1000;10128619;14/09/2023;PASADO A TERCEROS
1000;10128620;15/09/2023;PASADO A TERCEROS
1000;10128621;16/09/2023;PASADO A TERCEROS
1000;10128622;17/09/2023;PASADO A TERCEROS
1000;10128623;18/09/2023;PASADO A TERCEROS
1000;10128624;19/09/2023;PASADO A TERCEROS
1000;10128625;20/09/2023;PASADO A TERCEROS
1000;10128626;21/09/2023;PASADO A TERCEROS
1000;10128627;22/09/2023;PASADO A TERCEROS
1000;10128628;23/09/2023;PASADO A TERCEROS
1000;10128629;24/09/2023;PASADO A TERCEROS
1000;10128630;25/09/2023;PASADO A TERCEROS
1000;10128632;26/09/2023;PASADO A TERCEROS
1000;10128633;27/09/2023;PASADO A TERCEROS
1000;10128634;28/09/2023;PASADO A TERCEROS
1000;10128635;29/09/2023;PASADO A TERCEROS
1000;10128636;30/09/2023;PASADO A TERCEROS
1000;10133208;01/10/2023;PASADO A TERCEROS
1000;10133209;02/10/2023;PASADO A TERCEROS
1000;10133210;03/10/2023;PASADO A TERCEROS
1000;10133211;04/10/2023;PASADO A TERCEROS
1000;10133212;05/10/2023;PASADO A TERCEROS
1000;10133214;06/10/2023;PASADO A TERCEROS
1000;10133215;07/10/2023;PASADO A TERCEROS
1000;10133216;08/10/2023;PASADO A TERCEROS
1000;10133217;09/10/2023;PASADO A TERCEROS
1000;10133218;10/10/2023;PASADO A TERCEROS
1000;10133219;11/10/2023;PASADO A TERCEROS
1000;10133220;12/10/2023;PASADO A TERCEROS
1000;10133221;13/10/2023;PASADO A TERCEROS
1000;10133222;14/10/2023;PASADO A TERCEROS
1000;10133223;15/10/2023;PASADO A TERCEROS
1000;10133225;16/10/2023;PASADO A TERCEROS
1000;10133226;17/10/2023;PASADO A TERCEROS
1000;10133227;18/10/2023;PASADO A TERCEROS
1000;10133228;19/10/2023;PASADO A TERCEROS
1000;10133229;20/10/2023;PASADO A TERCEROS
1000;10133230;21/10/2023;PASADO A TERCEROS
1000;10133231;22/10/2023;PASADO A TERCEROS
1000;10133232;23/10/2023;PASADO A TERCEROS
1000;10133233;24/10/2023;PASADO A TERCEROS
1000;10133234;25/10/2023;PASADO A TERCEROS
1000;10133235;26/10/2023;PASADO A TERCEROS
1000;10133236;27/10/2023;PASADO A TERCEROS
1000;10133237;28/10/2023;PASADO A TERCEROS
1000;10133238;29/10/2023;PASADO A TERCEROS
1000;10133239;30/10/2023;PASADO A TERCEROS
1000;10133240;31/10/2023;PASADO A TERCEROS
1000;10133241;01/11/2023;PASADO A TERCEROS
1000;10133242;02/11/2023;PASADO A TERCEROS
1000;10133243;03/11/2023;PASADO A TERCEROS
1000;10133244;04/11/2023;PASADO A TERCEROS
1000;10133247;05/11/2023;PASADO A TERCEROS
1000;10135724;06/11/2023;PASADO A TERCEROS
1000;10136256;07/11/2023;PASADO A TERCEROS
1000;10136257;08/11/2023;PASADO A TERCEROS
1000;10136268;09/11/2023;PASADO A TERCEROS
1000;10136296;10/11/2023;PASADO A TERCEROS
1000;10136793;11/11/2023;PASADO A TERCEROS
1000;10138349;12/11/2023;PASADO A TERCEROS
1000;10138350;13/11/2023;PASADO A TERCEROS
1000;10138351;14/11/2023;PASADO A TERCEROS
1000;10138352;15/11/2023;PASADO A TERCEROS
1000;10138353;16/11/2023;PASADO A TERCEROS
1000;10138354;17/11/2023;PASADO A TERCEROS
1000;10138355;18/11/2023;PASADO A TERCEROS
1000;10138356;19/11/2023;PASADO A TERCEROS
1000;10138357;20/11/2023;PASADO A TERCEROS
1000;10138359;21/11/2023;PASADO A TERCEROS
1000;10138360;22/11/2023;PASADO A TERCEROS
1000;10138361;23/11/2023;PASADO A TERCEROS
1000;10138362;24/11/2023;PASADO A TERCEROS
1000;10138363;25/11/2023;PASADO A TERCEROS
1000;10138364;26/11/2023;PASADO A TERCEROS
1000;10138365;27/11/2023;PASADO A TERCEROS
1000;10138366;28/11/2023;PASADO A TERCEROS
1000;10138367;29/11/2023;PASADO A TERCEROS
1000;10138368;30/11/2023;PASADO A TERCEROS
1000;10138370;01/12/2023;PASADO A TERCEROS
1000;10138371;02/12/2023;PASADO A TERCEROS
1000;10138372;03/12/2023;PASADO A TERCEROS
1000;10138373;04/12/2023;PASADO A TERCEROS
1000;10138374;05/12/2023;PASADO A TERCEROS
1000;10138375;06/12/2023;PASADO A TERCEROS
1000;10138376;07/12/2023;PASADO A TERCEROS
1000;10138377;08/12/2023;PASADO A TERCEROS
1000;10138378;09/12/2023;PASADO A TERCEROS
1000;10138379;10/12/2023;PASADO A TERCEROS
1000;10138381;11/12/2023;PASADO A TERCEROS
1000;10138382;12/12/2023;PASADO A TERCEROS
1000;10138383;13/12/2023;PASADO A TERCEROS
1000;10138384;14/12/2023;PASADO A TERCEROS
1000;10138385;15/12/2023;PASADO A TERCEROS
1000;10138386;16/12/2023;PASADO A TERCEROS
1000;10138387;17/12/2023;PASADO A TERCEROS
1000;10138388;18/12/2023;PASADO A TERCEROS
1000;10138389;19/12/2023;PASADO A TERCEROS
1000;10138390;20/12/2023;PASADO A TERCEROS
1000;10138392;21/12/2023;PASADO A TERCEROS
1000;10138393;22/12/2023;PASADO A TERCEROS
1000;10138396;23/12/2023;PASADO A TERCEROS
1000;10138397;24/12/2023;PASADO A TERCEROS
1000;10138398;25/12/2023;PASADO A TERCEROS
1000;10138399;26/12/2023;PASADO A TERCEROS
1000;10138401;27/12/2023;PASADO A TERCEROS
1000;10138403;28/12/2023;PASADO A TERCEROS
1000;10138404;29/12/2023;PASADO A TERCEROS
1000;10138405;30/12/2023;PASADO A TERCEROS
1000;10138406;31/12/2023;PASADO A TERCEROS
1000;10138408;01/01/2024;PASADO A TERCEROS
1000;10138413;02/01/2024;PASADO A TERCEROS
1000;10138414;03/01/2024;PASADO A TERCEROS
1000;10138415;04/01/2024;PASADO A TERCEROS
1000;10138416;05/01/2024;PASADO A TERCEROS
1000;10138417;06/01/2024;PASADO A TERCEROS
1000;10138418;07/01/2024;PASADO A TERCEROS
1000;10138419;08/01/2024;PASADO A TERCEROS
1000;10138420;09/01/2024;PASADO A TERCEROS
1000;10138421;10/01/2024;PASADO A TERCEROS
1000;10138422;11/01/2024;PASADO A TERCEROS
1000;10138424;12/01/2024;PASADO A TERCEROS
1000;10138425;13/01/2024;PASADO A TERCEROS
1000;10138426;14/01/2024;PASADO A TERCEROS
1000;10138427;15/01/2024;PASADO A TERCEROS
1000;10138428;16/01/2024;PASADO A TERCEROS
1000;10138429;17/01/2024;PASADO A TERCEROS
1000;10138431;18/01/2024;PASADO A TERCEROS
1000;10138433;19/01/2024;PASADO A TERCEROS
1000;10138845;20/01/2024;PASADO A TERCEROS
1000;10138847;21/01/2024;PASADO A TERCEROS
1000;10138848;22/01/2024;PASADO A TERCEROS
1000;10138849;23/01/2024;PASADO A TERCEROS
1000;10138906;24/01/2024;PASADO A TERCEROS
1000;10138907;25/01/2024;PASADO A TERCEROS
1000;10138908;26/01/2024;PASADO A TERCEROS
1000;10138909;27/01/2024;PASADO A TERCEROS
1000;10140588;28/01/2024;PASADO A TERCEROS
1000;10140637;29/01/2024;PASADO A TERCEROS
1000;10140639;30/01/2024;PASADO A TERCEROS
1000;10140640;31/01/2024;PASADO A TERCEROS
1000;10140641;01/02/2024;PASADO A TERCEROS
1000;10140780;02/02/2024;PASADO A TERCEROS
1000;10140781;03/02/2024;PASADO A TERCEROS
1000;10141205;04/02/2024;PASADO A TERCEROS
1000;10141206;05/02/2024;PASADO A TERCEROS
1000;10141213;06/02/2024;PASADO A TERCEROS
1000;10141214;07/02/2024;PASADO A TERCEROS
1000;10141215;08/02/2024;PASADO A TERCEROS
1000;10141216;09/02/2024;PASADO A TERCEROS
1000;10141217;10/02/2024;PASADO A TERCEROS
1000;10141218;11/02/2024;PASADO A TERCEROS
1000;10141220;12/02/2024;PASADO A TERCEROS
1000;10141221;13/02/2024;PASADO A TERCEROS
1000;10141222;14/02/2024;PASADO A TERCEROS
1000;10141400;15/02/2024;PASADO A TERCEROS
1000;10141402;16/02/2024;PASADO A TERCEROS
1000;10141472;17/02/2024;PASADO A TERCEROS
1000;10141771;18/02/2024;PASADO A TERCEROS
1000;10141772;19/02/2024;PASADO A TERCEROS
1000;10200416;20/02/2024;PASADO A TERCEROS
1000;10200476;21/02/2024;PASADO A TERCEROS
1000;10200477;22/02/2024;PASADO A TERCEROS
1000;10200604;23/02/2024;PASADO A TERCEROS
1000;10200857;24/02/2024;PASADO A TERCEROS
1000;10200858;25/02/2024;PASADO A TERCEROS
1000;10200859;26/02/2024;PASADO A TERCEROS
1000;10200860;27/02/2024;PASADO A TERCEROS
1000;10201185;28/02/2024;PASADO A TERCEROS
1000;10500041;29/02/2024;PASADO A TERCEROS
1000;10500125;01/03/2024;PASADO A TERCEROS
1000;10500126;02/03/2024;PASADO A TERCEROS
1000;10500342;03/03/2024;PASADO A TERCEROS
1000;10500343;04/03/2024;PASADO A TERCEROS
1000;10500344;05/03/2024;PASADO A TERCEROS
1000;10500345;06/03/2024;PASADO A TERCEROS
1000;10500471;07/03/2024;PASADO A TERCEROS
1000;10500472;08/03/2024;PASADO A TERCEROS
1000;10500517;09/03/2024;PASADO A TERCEROS
1000;10500518;10/03/2024;PASADO A TERCEROS
1000;10500519;11/03/2024;PASADO A TERCEROS
1000;10500520;12/03/2024;PASADO A TERCEROS
1000;10500521;13/03/2024;PASADO A TERCEROS
1000;10500522;14/03/2024;PASADO A TERCEROS
1000;10500523;15/03/2024;PASADO A TERCEROS
1000;10500524;16/03/2024;PASADO A TERCEROS
1000;10500525;17/03/2024;PASADO A TERCEROS
1000;10500526;18/03/2024;PASADO A TERCEROS
1000;10500527;19/03/2024;PASADO A TERCEROS
1000;10500528;20/03/2024;PASADO A TERCEROS
1000;10500529;21/03/2024;PASADO A TERCEROS
1000;10500530;22/03/2024;PASADO A TERCEROS
1000;10500531;23/03/2024;PASADO A TERCEROS
1000;10500532;24/03/2024;PASADO A TERCEROS
1000;10500533;25/03/2024;PASADO A TERCEROS
1000;10500534;26/03/2024;PASADO A TERCEROS
1000;10500539;27/03/2024;PASADO A TERCEROS
1000;10500540;28/03/2024;PASADO A TERCEROS
1000;10500541;29/03/2024;PASADO A TERCEROS
1000;10500608;30/03/2024;PASADO A TERCEROS
1000;10500609;31/03/2024;PASADO A TERCEROS
1000;10500610;01/04/2024;PASADO A TERCEROS
1000;10500612;02/04/2024;PASADO A TERCEROS
1000;10500854;03/04/2024;PASADO A TERCEROS
1000;10500855;04/04/2024;PASADO A TERCEROS
1000;10500856;05/04/2024;PASADO A TERCEROS
1000;10500857;06/04/2024;PASADO A TERCEROS
1000;10500858;07/04/2024;PASADO A TERCEROS
1000;10500859;08/04/2024;PASADO A TERCEROS
1000;10500860;09/04/2024;PASADO A TERCEROS
1000;10500861;10/04/2024;PASADO A TERCEROS
1000;10500863;11/04/2024;PASADO A TERCEROS
1000;10500864;12/04/2024;PASADO A TERCEROS
1000;10500865;13/04/2024;PASADO A TERCEROS
1000;10500866;14/04/2024;PASADO A TERCEROS
1000;10500867;15/04/2024;PASADO A TERCEROS
1000;10502118;16/04/2024;PASADO A TERCEROS
1000;20100129;17/04/2024;PASADO A TERCEROS
1000;20100154;18/04/2024;PASADO A TERCEROS
1000;20100168;19/04/2024;PASADO A TERCEROS
1000;20100497;20/04/2024;PASADO A TERCEROS
1000;20100498;21/04/2024;PASADO A TERCEROS
1000;20100512;22/04/2024;PASADO A TERCEROS
1000;20101032;23/04/2024;PASADO A TERCEROS
1000;20101190;24/04/2024;PASADO A TERCEROS
1000;20101557;25/04/2024;PASADO A TERCEROS
1000;20101580;26/04/2024;PASADO A TERCEROS
1000;20102036;27/04/2024;PASADO A TERCEROS
1000;20102243;28/04/2024;PASADO A TERCEROS
1000;20102627;29/04/2024;PASADO A TERCEROS
1000;20102904;30/04/2024;PASADO A TERCEROS
1000;20105323;01/05/2024;PASADO A TERCEROS
1000;20105384;02/05/2024;PASADO A TERCEROS
1000;20105388;03/05/2024;PASADO A TERCEROS
1000;20105462;04/05/2024;PASADO A TERCEROS
1000;20105726;05/05/2024;PASADO A TERCEROS
1000;20105870;06/05/2024;PASADO A TERCEROS
1000;20105990;07/05/2024;PASADO A TERCEROS
1000;20106088;08/05/2024;PASADO A TERCEROS
1000;20106093;09/05/2024;PASADO A TERCEROS
1000;20108732;10/05/2024;PASADO A TERCEROS
1000;20108818;11/05/2024;PASADO A TERCEROS
1000;20109124;12/05/2024;PASADO A TERCEROS
1000;20109377;13/05/2024;PASADO A TERCEROS
1000;20109605;14/05/2024;PASADO A TERCEROS
1000;20110100;15/05/2024;PASADO A TERCEROS
1000;20110541;16/05/2024;PASADO A TERCEROS
1000;20110806;17/05/2024;PASADO A TERCEROS
1000;20111138;18/05/2024;PASADO A TERCEROS
1000;20111577;19/05/2024;PASADO A TERCEROS
1000;20200344;20/05/2024;PASADO A TERCEROS
1000;20300514;21/05/2024;PASADO A TERCEROS
1000;20400367;22/05/2024;PASADO A TERCEROS
1000;20400595;23/05/2024;PASADO A TERCEROS
1000;20400802;24/05/2024;PASADO A TERCEROS
1000;20400831;25/05/2024;PASADO A TERCEROS
1000;20400964;26/05/2024;PASADO A TERCEROS
1000;20400971;27/05/2024;PASADO A TERCEROS
1000;20401036;28/05/2024;PASADO A TERCEROS
1000;20401037;29/05/2024;PASADO A TERCEROS
1000;20401067;30/05/2024;PASADO A TERCEROS
1000;20401142;31/05/2024;PASADO A TERCEROS
1000;20401156;01/06/2024;PASADO A TERCEROS
1000;20401157;02/06/2024;PASADO A TERCEROS
1000;20401158;03/06/2024;PASADO A TERCEROS
1000;20401160;04/06/2024;PASADO A TERCEROS
1000;20401855;05/06/2024;PASADO A TERCEROS
1000;20402592;06/06/2024;PASADO A TERCEROS
1000;20500079;07/06/2024;PASADO A TERCEROS
1000;20600187;08/06/2024;PASADO A TERCEROS
1000;20600188;09/06/2024;PASADO A TERCEROS
1000;20600189;10/06/2024;PASADO A TERCEROS
1000;20600352;11/06/2024;PASADO A TERCEROS
1000;20600972;12/06/2024;PASADO A TERCEROS
1000;20700054;13/06/2024;PASADO A TERCEROS
1000;20700114;14/06/2024;PASADO A TERCEROS
1000;20700242;15/06/2024;PASADO A TERCEROS
1000;20700243;16/06/2024;PASADO A TERCEROS
1000;20700371;17/06/2024;PASADO A TERCEROS
1000;20800042;18/06/2024;PASADO A TERCEROS
1000;20800696;19/06/2024;PASADO A TERCEROS
1000;20800867;20/06/2024;PASADO A TERCEROS
1000;20802563;21/06/2024;PASADO A TERCEROS
1000;20802988;22/06/2024;PASADO A TERCEROS
1000;20803044;23/06/2024;PASADO A TERCEROS
1000;20803156;24/06/2024;PASADO A TERCEROS
1000;20803275;25/06/2024;PASADO A TERCEROS
1000;20803366;26/06/2024;PASADO A TERCEROS
1000;20803527;27/06/2024;PASADO A TERCEROS
1000;20803565;28/06/2024;PASADO A TERCEROS
1000;20803619;29/06/2024;PASADO A TERCEROS
1000;20803641;30/06/2024;PASADO A TERCEROS
1000;20803760;01/07/2024;PASADO A TERCEROS
1000;20900283;02/07/2024;PASADO A TERCEROS
1000;20900284;03/07/2024;PASADO A TERCEROS
1000;20900285;04/07/2024;PASADO A TERCEROS
1000;20900700;05/07/2024;PASADO A TERCEROS
1000;20900706;06/07/2024;PASADO A TERCEROS
1000;20900707;07/07/2024;PASADO A TERCEROS
1000;20900708;08/07/2024;PASADO A TERCEROS
1000;20900709;09/07/2024;PASADO A TERCEROS
1000;20900710;10/07/2024;PASADO A TERCEROS
1000;20900711;11/07/2024;PASADO A TERCEROS
1000;21600308;12/07/2024;PASADO A TERCEROS
1000;21700467;13/07/2024;PASADO A TERCEROS
1000;22300201;14/07/2024;PASADO A TERCEROS
1000;22500142;15/07/2024;PASADO A TERCEROS
1000;22500208;16/07/2024;PASADO A TERCEROS
1000;22500275;17/07/2024;PASADO A TERCEROS
1000;22500296;18/07/2024;PASADO A TERCEROS
1000;22500322;19/07/2024;PASADO A TERCEROS
1000;22500488;20/07/2024;PASADO A TERCEROS
1000;22500516;21/07/2024;PASADO A TERCEROS
1000;22800079;22/07/2024;PASADO A TERCEROS
1000;10100069;23/07/2024;PASADO A TERCEROS
1000;10100079;24/07/2024;PASADO A TERCEROS
1000;10100686;25/07/2024;PASADO A TERCEROS
1000;10100797;26/07/2024;PASADO A TERCEROS
1000;10100798;27/07/2024;PASADO A TERCEROS
1000;10100840;28/07/2024;PASADO A TERCEROS
1000;10100994;29/07/2024;PASADO A TERCEROS
1000;10101023;30/07/2024;PASADO A TERCEROS
1000;10101371;31/07/2024;PASADO A TERCEROS
1000;10101382;01/08/2024;PASADO A TERCEROS
1000;10101403;02/08/2024;PASADO A TERCEROS
1000;10101413;03/08/2024;PASADO A TERCEROS
1000;10101510;04/08/2024;PASADO A TERCEROS
1000;10101512;05/08/2024;PASADO A TERCEROS
1000;10101513;06/08/2024;PASADO A TERCEROS
1000;10101514;07/08/2024;PASADO A TERCEROS
1000;10101515;08/08/2024;PASADO A TERCEROS
1000;10101592;09/08/2024;PASADO A TERCEROS
1000;10102638;10/08/2024;PASADO A TERCEROS
1000;10102964;11/08/2024;PASADO A TERCEROS
1000;10102965;12/08/2024;PASADO A TERCEROS
1000;10102966;13/08/2024;PASADO A TERCEROS
1000;10102967;14/08/2024;PASADO A TERCEROS
1000;10102968;15/08/2024;PASADO A TERCEROS
1000;10102969;16/08/2024;PASADO A TERCEROS
1000;10103122;17/08/2024;PASADO A TERCEROS
1000;10103123;18/08/2024;PASADO A TERCEROS
1000;10103124;19/08/2024;PASADO A TERCEROS
1000;10103979;20/08/2024;PASADO A TERCEROS
1000;10103980;21/08/2024;PASADO A TERCEROS
1000;10103981;22/08/2024;PASADO A TERCEROS
1000;10104491;23/08/2024;PASADO A TERCEROS
1000;10104621;24/08/2024;PASADO A TERCEROS
1000;10104657;25/08/2024;PASADO A TERCEROS
1000;10104659;26/08/2024;PASADO A TERCEROS
1000;10104660;27/08/2024;PASADO A TERCEROS
1000;10104661;28/08/2024;PASADO A TERCEROS
1000;10104800;29/08/2024;PASADO A TERCEROS
1000;10104806;30/08/2024;PASADO A TERCEROS
1000;10105673;31/08/2024;PASADO A TERCEROS
1000;10106171;01/09/2024;PASADO A TERCEROS
1000;10106182;02/09/2024;PASADO A TERCEROS
1000;10106185;03/09/2024;PASADO A TERCEROS
1000;10106189;04/09/2024;PASADO A TERCEROS
1000;10106190;05/09/2024;PASADO A TERCEROS
1000;10106191;06/09/2024;PASADO A TERCEROS
1000;10106194;07/09/2024;PASADO A TERCEROS
1000;10106199;08/09/2024;PASADO A TERCEROS
1000;10106222;09/09/2024;PASADO A TERCEROS
1000;10106259;10/09/2024;PASADO A TERCEROS
1000;10106301;11/09/2024;PASADO A TERCEROS
1000;10106303;12/09/2024;PASADO A TERCEROS
1000;10106304;13/09/2024;PASADO A TERCEROS
1000;10106383;14/09/2024;PASADO A TERCEROS
1000;10106384;15/09/2024;PASADO A TERCEROS
1000;10106385;16/09/2024;PASADO A TERCEROS
1000;10106386;17/09/2024;PASADO A TERCEROS
1000;10106545;18/09/2024;PASADO A TERCEROS
1000;10106546;19/09/2024;PASADO A TERCEROS
1000;10106547;20/09/2024;PASADO A TERCEROS
1000;10106557;21/09/2024;PASADO A TERCEROS
1000;10106581;22/09/2024;PASADO A TERCEROS
1000;10106582;23/09/2024;PASADO A TERCEROS
1000;10106708;24/09/2024;PASADO A TERCEROS
1000;10106713;25/09/2024;PASADO A TERCEROS
1000;10106746;26/09/2024;PASADO A TERCEROS
1000;10106747;27/09/2024;PASADO A TERCEROS
1000;10106748;28/09/2024;PASADO A TERCEROS
1000;10106749;29/09/2024;PASADO A TERCEROS
1000;10106750;30/09/2024;PASADO A TERCEROS
1000;10106751;01/10/2024;PASADO A TERCEROS
1000;10106752;02/10/2024;PASADO A TERCEROS
1000;10106753;03/10/2024;PASADO A TERCEROS
1000;10106754;04/10/2024;PASADO A TERCEROS
1000;10106755;05/10/2024;PASADO A TERCEROS
1000;10106757;06/10/2024;PASADO A TERCEROS
1000;10106758;07/10/2024;PASADO A TERCEROS
1000;10106759;08/10/2024;PASADO A TERCEROS
1000;10106760;09/10/2024;PASADO A TERCEROS
1000;10106761;10/10/2024;PASADO A TERCEROS
1000;10106762;11/10/2024;PASADO A TERCEROS
1000;10106763;12/10/2024;PASADO A TERCEROS
1000;10106764;13/10/2024;PASADO A TERCEROS
1000;10106765;14/10/2024;PASADO A TERCEROS
1000;10106766;15/10/2024;PASADO A TERCEROS
1000;10106768;16/10/2024;PASADO A TERCEROS
1000;10106769;17/10/2024;PASADO A TERCEROS
1000;10106770;18/10/2024;PASADO A TERCEROS
1000;10106771;19/10/2024;PASADO A TERCEROS
1000;10106772;20/10/2024;PASADO A TERCEROS
1000;10106773;21/10/2024;PASADO A TERCEROS
1000;10106774;22/10/2024;PASADO A TERCEROS
1000;10106775;23/10/2024;PASADO A TERCEROS
1000;10106776;24/10/2024;PASADO A TERCEROS
1000;10106777;25/10/2024;PASADO A TERCEROS
1000;10106779;26/10/2024;PASADO A TERCEROS
1000;10106780;27/10/2024;PASADO A TERCEROS
1000;10106781;28/10/2024;PASADO A TERCEROS
1000;10106782;29/10/2024;PASADO A TERCEROS
1000;10106783;30/10/2024;PASADO A TERCEROS
1000;10106784;31/10/2024;PASADO A TERCEROS
1000;10106785;01/11/2024;PASADO A TERCEROS
1000;10106786;02/11/2024;PASADO A TERCEROS
1000;10106787;03/11/2024;PASADO A TERCEROS
1000;10106788;04/11/2024;PASADO A TERCEROS
1000;10106790;05/11/2024;PASADO A TERCEROS
1000;10106791;06/11/2024;PASADO A TERCEROS
1000;10106792;07/11/2024;PASADO A TERCEROS
1000;10106793;08/11/2024;PASADO A TERCEROS
1000;10106794;09/11/2024;PASADO A TERCEROS
1000;10106795;10/11/2024;PASADO A TERCEROS
1000;10106796;11/11/2024;PASADO A TERCEROS
1000;10106797;12/11/2024;PASADO A TERCEROS
1000;10106798;13/11/2024;PASADO A TERCEROS
1000;10106799;14/11/2024;PASADO A TERCEROS
1000;10106801;15/11/2024;PASADO A TERCEROS
1000;10106802;16/11/2024;PASADO A TERCEROS
1000;10106803;17/11/2024;PASADO A TERCEROS
1000;10106804;18/11/2024;PASADO A TERCEROS
1000;10106805;19/11/2024;PASADO A TERCEROS
1000;10106806;20/11/2024;PASADO A TERCEROS
1000;10106807;21/11/2024;PASADO A TERCEROS
1000;10106808;22/11/2024;PASADO A TERCEROS
1000;10106809;23/11/2024;PASADO A TERCEROS
1000;10106810;24/11/2024;PASADO A TERCEROS
1000;10106812;25/11/2024;PASADO A TERCEROS
1000;10106813;26/11/2024;PASADO A TERCEROS
1000;10106814;27/11/2024;PASADO A TERCEROS
1000;10106815;28/11/2024;PASADO A TERCEROS
1000;10106816;29/11/2024;PASADO A TERCEROS
1000;10106817;30/11/2024;PASADO A TERCEROS
1000;10106818;01/12/2024;PASADO A TERCEROS
1000;10106819;02/12/2024;PASADO A TERCEROS
1000;10106820;03/12/2024;PASADO A TERCEROS
1000;10106821;04/12/2024;PASADO A TERCEROS
1000;10106823;05/12/2024;PASADO A TERCEROS
1000;10106824;06/12/2024;PASADO A TERCEROS
1000;10106825;07/12/2024;PASADO A TERCEROS
1000;10106826;08/12/2024;PASADO A TERCEROS
1000;10106827;09/12/2024;PASADO A TERCEROS
1000;10106828;10/12/2024;PASADO A TERCEROS
1000;10106829;11/12/2024;PASADO A TERCEROS
1000;10106830;12/12/2024;PASADO A TERCEROS
1000;10106831;13/12/2024;PASADO A TERCEROS
1000;10106832;14/12/2024;PASADO A TERCEROS
1000;10106834;15/12/2024;PASADO A TERCEROS
1000;10106835;16/12/2024;PASADO A TERCEROS
1000;10106836;17/12/2024;PASADO A TERCEROS
1000;10106837;18/12/2024;PASADO A TERCEROS
1000;10106838;19/12/2024;PASADO A TERCEROS
1000;10106839;20/12/2024;PASADO A TERCEROS
1000;10106840;21/12/2024;PASADO A TERCEROS
1000;10106841;22/12/2024;PASADO A TERCEROS
1000;10106842;23/12/2024;PASADO A TERCEROS
1000;10106843;24/12/2024;PASADO A TERCEROS
1000;10106845;25/12/2024;PASADO A TERCEROS
1000;10106846;26/12/2024;PASADO A TERCEROS
1000;10106847;27/12/2024;PASADO A TERCEROS
1000;10106848;28/12/2024;PASADO A TERCEROS
1000;10106849;29/12/2024;PASADO A TERCEROS
1000;10106850;30/12/2024;PASADO A TERCEROS
1000;10106851;31/12/2024;PASADO A TERCEROS
1000;10106852;01/01/2025;PASADO A TERCEROS
1000;10106853;02/01/2025;PASADO A TERCEROS
1000;10106854;03/01/2025;PASADO A TERCEROS
1000;10106857;04/01/2025;PASADO A TERCEROS
1000;10106858;05/01/2025;PASADO A TERCEROS
1000;10106859;06/01/2025;PASADO A TERCEROS
1000;10106860;07/01/2025;PASADO A TERCEROS
1000;10106861;08/01/2025;PASADO A TERCEROS
1000;10106862;09/01/2025;PASADO A TERCEROS
1000;10106863;10/01/2025;PASADO A TERCEROS
1000;10106864;11/01/2025;PASADO A TERCEROS
1000;10106865;12/01/2025;PASADO A TERCEROS
1000;10106866;13/01/2025;PASADO A TERCEROS
1000;10106868;14/01/2025;PASADO A TERCEROS
1000;10106869;15/01/2025;PASADO A TERCEROS
1000;10106870;16/01/2025;PASADO A TERCEROS
1000;10106871;17/01/2025;PASADO A TERCEROS
1000;10106872;18/01/2025;PASADO A TERCEROS
1000;10106873;19/01/2025;PASADO A TERCEROS
1000;10106874;20/01/2025;PASADO A TERCEROS
1000;10106875;21/01/2025;PASADO A TERCEROS
1000;10106876;22/01/2025;PASADO A TERCEROS
1000;10106877;23/01/2025;PASADO A TERCEROS
1000;10106879;24/01/2025;PASADO A TERCEROS
1000;10106880;25/01/2025;PASADO A TERCEROS
1000;10106881;26/01/2025;PASADO A TERCEROS
1000;10106882;27/01/2025;PASADO A TERCEROS
1000;10106883;28/01/2025;PASADO A TERCEROS
1000;10106884;29/01/2025;PASADO A TERCEROS
1000;10106885;30/01/2025;PASADO A TERCEROS
1000;10106886;31/01/2025;PASADO A TERCEROS
1000;10106887;01/02/2025;PASADO A TERCEROS
1000;10106888;02/02/2025;PASADO A TERCEROS
1000;10106890;03/02/2025;PASADO A TERCEROS
1000;10106891;04/02/2025;PASADO A TERCEROS
1000;10106892;05/02/2025;PASADO A TERCEROS
1000;10106893;06/02/2025;PASADO A TERCEROS
1000;10106894;07/02/2025;PASADO A TERCEROS
1000;10106895;08/02/2025;PASADO A TERCEROS
1000;10106896;09/02/2025;PASADO A TERCEROS
1000;10106897;10/02/2025;PASADO A TERCEROS
1000;10106898;11/02/2025;PASADO A TERCEROS
1000;10106899;12/02/2025;PASADO A TERCEROS
1000;10106901;13/02/2025;PASADO A TERCEROS
1000;10106902;14/02/2025;PASADO A TERCEROS
1000;10106903;15/02/2025;PASADO A TERCEROS
1000;10106904;16/02/2025;PASADO A TERCEROS
1000;10106905;17/02/2025;PASADO A TERCEROS
1000;10106906;18/02/2025;PASADO A TERCEROS
1000;10106907;19/02/2025;PASADO A TERCEROS
1000;10106908;20/02/2025;PASADO A TERCEROS
1000;10106909;21/02/2025;PASADO A TERCEROS
1000;10106910;22/02/2025;PASADO A TERCEROS
1000;10106912;23/02/2025;PASADO A TERCEROS
1000;10106913;24/02/2025;PASADO A TERCEROS
1000;10106914;25/02/2025;PASADO A TERCEROS
1000;10106915;26/02/2025;PASADO A TERCEROS
1000;10106916;27/02/2025;PASADO A TERCEROS
1000;10106917;28/02/2025;PASADO A TERCEROS
1000;10106918;01/03/2025;PASADO A TERCEROS
1000;10106919;02/03/2025;PASADO A TERCEROS
1000;10106920;03/03/2025;PASADO A TERCEROS
1000;10106921;04/03/2025;PASADO A TERCEROS
1000;10106923;05/03/2025;PASADO A TERCEROS
1000;10106924;06/03/2025;PASADO A TERCEROS
1000;10106925;07/03/2025;PASADO A TERCEROS
1000;10106926;08/03/2025;PASADO A TERCEROS
1000;10106927;09/03/2025;PASADO A TERCEROS
1000;10106928;10/03/2025;PASADO A TERCEROS
1000;10106929;11/03/2025;PASADO A TERCEROS
1000;10106930;12/03/2025;PASADO A TERCEROS
1000;10106931;13/03/2025;PASADO A TERCEROS
1000;10106932;14/03/2025;PASADO A TERCEROS
1000;10106934;15/03/2025;PASADO A TERCEROS
1000;10106935;16/03/2025;PASADO A TERCEROS
1000;10107761;17/03/2025;PASADO A TERCEROS
1000;10107762;18/03/2025;PASADO A TERCEROS
1000;10107766;19/03/2025;PASADO A TERCEROS
1000;10107767;20/03/2025;PASADO A TERCEROS
1000;10107768;21/03/2025;PASADO A TERCEROS
1000;10107769;22/03/2025;PASADO A TERCEROS
1000;10107770;23/03/2025;PASADO A TERCEROS
1000;10107772;24/03/2025;PASADO A TERCEROS
1000;10107773;25/03/2025;PASADO A TERCEROS
1000;10107774;26/03/2025;PASADO A TERCEROS
1000;10107775;27/03/2025;PASADO A TERCEROS
1000;10107776;28/03/2025;PASADO A TERCEROS
1000;10107777;29/03/2025;PASADO A TERCEROS
1000;10107778;30/03/2025;PASADO A TERCEROS
1000;10107779;31/03/2025;PASADO A TERCEROS
1000;10107780;01/04/2025;PASADO A TERCEROS
1000;10107781;02/04/2025;PASADO A TERCEROS
1000;10107783;03/04/2025;PASADO A TERCEROS
1000;10107784;04/04/2025;PASADO A TERCEROS
1000;10107785;05/04/2025;PASADO A TERCEROS
1000;10107786;06/04/2025;PASADO A TERCEROS
1000;10107787;07/04/2025;PASADO A TERCEROS
1000;10107788;08/04/2025;PASADO A TERCEROS
1000;10107789;09/04/2025;PASADO A TERCEROS
1000;10107790;10/04/2025;PASADO A TERCEROS
1000;10107791;11/04/2025;PASADO A TERCEROS
1000;10107792;12/04/2025;PASADO A TERCEROS
1000;10107794;13/04/2025;PASADO A TERCEROS
1000;10107795;14/04/2025;PASADO A TERCEROS
1000;10107796;15/04/2025;PASADO A TERCEROS
1000;10107797;16/04/2025;PASADO A TERCEROS
1000;10107798;17/04/2025;PASADO A TERCEROS
1000;10107799;18/04/2025;PASADO A TERCEROS
1000;10107800;19/04/2025;PASADO A TERCEROS
1000;10107801;20/04/2025;PASADO A TERCEROS
1000;10107802;21/04/2025;PASADO A TERCEROS
1000;10107803;22/04/2025;PASADO A TERCEROS
1000;10107807;23/04/2025;PASADO A TERCEROS
1000;10107808;24/04/2025;PASADO A TERCEROS
1000;10107809;25/04/2025;PASADO A TERCEROS
1000;10107810;26/04/2025;PASADO A TERCEROS
1000;10107811;27/04/2025;PASADO A TERCEROS
1000;10107812;28/04/2025;PASADO A TERCEROS
1000;10107813;29/04/2025;PASADO A TERCEROS
1000;10107814;30/04/2025;PASADO A TERCEROS
1000;10107815;01/05/2025;PASADO A TERCEROS
1000;10107816;02/05/2025;PASADO A TERCEROS
1000;10107818;03/05/2025;PASADO A TERCEROS
1000;10107819;04/05/2025;PASADO A TERCEROS
1000;10107820;05/05/2025;PASADO A TERCEROS
1000;10107821;06/05/2025;PASADO A TERCEROS
1000;10107822;07/05/2025;PASADO A TERCEROS
1000;10107823;08/05/2025;PASADO A TERCEROS
1000;10107824;09/05/2025;PASADO A TERCEROS
1000;10107825;10/05/2025;PASADO A TERCEROS
1000;10107826;11/05/2025;PASADO A TERCEROS
1000;10107827;12/05/2025;PASADO A TERCEROS
1000;10107829;13/05/2025;PASADO A TERCEROS
1000;10107830;14/05/2025;PASADO A TERCEROS
1000;10107831;15/05/2025;PASADO A TERCEROS
1000;10107832;16/05/2025;PASADO A TERCEROS
1000;10107833;17/05/2025;PASADO A TERCEROS
1000;10107834;18/05/2025;PASADO A TERCEROS
1000;10107835;19/05/2025;PASADO A TERCEROS
1000;10107836;20/05/2025;PASADO A TERCEROS
1000;10107837;21/05/2025;PASADO A TERCEROS
1000;10107838;22/05/2025;PASADO A TERCEROS
1000;10107840;23/05/2025;PASADO A TERCEROS
1000;10107841;24/05/2025;PASADO A TERCEROS
1000;10107842;25/05/2025;PASADO A TERCEROS
1000;10107843;26/05/2025;PASADO A TERCEROS
1000;10107844;27/05/2025;PASADO A TERCEROS
1000;10107845;28/05/2025;PASADO A TERCEROS
1000;10107846;29/05/2025;PASADO A TERCEROS
1000;10107847;30/05/2025;PASADO A TERCEROS
1000;10107848;31/05/2025;PASADO A TERCEROS
1000;10107849;01/06/2025;PASADO A TERCEROS
1000;10107851;02/06/2025;PASADO A TERCEROS
1000;10107852;03/06/2025;PASADO A TERCEROS
1000;10107853;04/06/2025;PASADO A TERCEROS
1000;10107854;05/06/2025;PASADO A TERCEROS
1000;10107855;06/06/2025;PASADO A TERCEROS
1000;10107856;07/06/2025;PASADO A TERCEROS
1000;10107857;08/06/2025;PASADO A TERCEROS
1000;10107858;09/06/2025;PASADO A TERCEROS
1000;10107859;10/06/2025;PASADO A TERCEROS
1000;10107860;11/06/2025;PASADO A TERCEROS
1000;10107862;12/06/2025;PASADO A TERCEROS
1000;10107863;13/06/2025;PASADO A TERCEROS
1000;10107864;14/06/2025;PASADO A TERCEROS
1000;10107865;15/06/2025;PASADO A TERCEROS
1000;10107866;16/06/2025;PASADO A TERCEROS
1000;10107867;17/06/2025;PASADO A TERCEROS
1000;10107868;18/06/2025;PASADO A TERCEROS
1000;10107869;19/06/2025;PASADO A TERCEROS
1000;10107870;20/06/2025;PASADO A TERCEROS
1000;10107871;21/06/2025;PASADO A TERCEROS
1000;10107873;22/06/2025;PASADO A TERCEROS
1000;10107874;23/06/2025;PASADO A TERCEROS
1000;10107875;24/06/2025;PASADO A TERCEROS
1000;10107876;25/06/2025;PASADO A TERCEROS
1000;10107877;26/06/2025;PASADO A TERCEROS
1000;10107878;27/06/2025;PASADO A TERCEROS
1000;10107879;28/06/2025;PASADO A TERCEROS
1000;10107880;29/06/2025;PASADO A TERCEROS
1000;10107881;30/06/2025;PASADO A TERCEROS
1000;10107882;01/07/2025;PASADO A TERCEROS
1000;10107884;02/07/2025;PASADO A TERCEROS
1000;10107885;03/07/2025;PASADO A TERCEROS
1000;10107886;04/07/2025;PASADO A TERCEROS
1000;10107887;05/07/2025;PASADO A TERCEROS
1000;10107888;06/07/2025;PASADO A TERCEROS
1000;10107889;07/07/2025;PASADO A TERCEROS
1000;10107890;08/07/2025;PASADO A TERCEROS
1000;10107891;09/07/2025;PASADO A TERCEROS
1000;10107892;10/07/2025;PASADO A TERCEROS
1000;10107893;11/07/2025;PASADO A TERCEROS
1000;10107895;12/07/2025;PASADO A TERCEROS
1000;10107896;13/07/2025;PASADO A TERCEROS
1000;10107897;14/07/2025;PASADO A TERCEROS
1000;10107916;15/07/2025;PASADO A TERCEROS
1000;10107917;16/07/2025;PASADO A TERCEROS
1000;10107918;17/07/2025;PASADO A TERCEROS
1000;10108724;18/07/2025;PASADO A TERCEROS
1000;10108725;19/07/2025;PASADO A TERCEROS
1000;10108726;20/07/2025;PASADO A TERCEROS
1000;10108727;21/07/2025;PASADO A TERCEROS
1000;10108728;22/07/2025;PASADO A TERCEROS
1000;10108729;23/07/2025;PASADO A TERCEROS
1000;10108730;24/07/2025;PASADO A TERCEROS
1000;10108731;25/07/2025;PASADO A TERCEROS
1000;10108733;26/07/2025;PASADO A TERCEROS
1000;10108734;27/07/2025;PASADO A TERCEROS
1000;10108735;28/07/2025;PASADO A TERCEROS
1000;10108736;29/07/2025;PASADO A TERCEROS
1000;10108737;30/07/2025;PASADO A TERCEROS
1000;10108738;31/07/2025;PASADO A TERCEROS
1000;10108739;01/08/2025;PASADO A TERCEROS
1000;10108740;02/08/2025;PASADO A TERCEROS
1000;10108741;03/08/2025;PASADO A TERCEROS
1000;10108742;04/08/2025;PASADO A TERCEROS
1000;10108744;05/08/2025;PASADO A TERCEROS
1000;10108745;06/08/2025;PASADO A TERCEROS
1000;10108746;07/08/2025;PASADO A TERCEROS
1000;10108747;08/08/2025;PASADO A TERCEROS
1000;10108748;09/08/2025;PASADO A TERCEROS
1000;10108749;10/08/2025;PASADO A TERCEROS
1000;10108750;11/08/2025;PASADO A TERCEROS
1000;10108751;12/08/2025;PASADO A TERCEROS
1000;10108752;13/08/2025;PASADO A TERCEROS
1000;10108753;14/08/2025;PASADO A TERCEROS
1000;10108755;15/08/2025;PASADO A TERCEROS
1000;10108756;16/08/2025;PASADO A TERCEROS
1000;10108757;17/08/2025;PASADO A TERCEROS
1000;10108758;18/08/2025;PASADO A TERCEROS
1000;10108759;19/08/2025;PASADO A TERCEROS
1000;10108760;20/08/2025;PASADO A TERCEROS
1000;10108761;21/08/2025;PASADO A TERCEROS
1000;10108762;22/08/2025;PASADO A TERCEROS
1000;10108763;23/08/2025;PASADO A TERCEROS
1000;10108764;24/08/2025;PASADO A TERCEROS
1000;10108766;25/08/2025;PASADO A TERCEROS
1000;10108767;26/08/2025;PASADO A TERCEROS
1000;10108768;27/08/2025;PASADO A TERCEROS
1000;10108769;28/08/2025;PASADO A TERCEROS
1000;10108770;29/08/2025;PASADO A TERCEROS
1000;10108771;30/08/2025;PASADO A TERCEROS
1000;10108772;31/08/2025;PASADO A TERCEROS
1000;10108773;01/09/2025;PASADO A TERCEROS
1000;10108774;02/09/2025;PASADO A TERCEROS
1000;10108775;03/09/2025;PASADO A TERCEROS
1000;10108777;04/09/2025;PASADO A TERCEROS
1000;10108778;05/09/2025;PASADO A TERCEROS
1000;10108779;06/09/2025;PASADO A TERCEROS
1000;10108780;07/09/2025;PASADO A TERCEROS
1000;10108781;08/09/2025;PASADO A TERCEROS
1000;10108782;09/09/2025;PASADO A TERCEROS
1000;10108783;10/09/2025;PASADO A TERCEROS
1000;10108784;11/09/2025;PASADO A TERCEROS
1000;10108785;12/09/2025;PASADO A TERCEROS
1000;10108786;13/09/2025;PASADO A TERCEROS
1000;10108788;14/09/2025;PASADO A TERCEROS
1000;10108789;15/09/2025;PASADO A TERCEROS
1000;10108790;16/09/2025;PASADO A TERCEROS
1000;10108791;17/09/2025;PASADO A TERCEROS
1000;10108792;18/09/2025;PASADO A TERCEROS
1000;10500107;14/02/2022;PASADO A TERCEROS
